Иванов,EMPLOYEE
Васильев,EMPLOYEE
Смит,FREELANCER
Бонд,FREELANCER
Береговой,MANAGER
Я,MANAGER
Пу,MANAGER
Вася,MANAGER
Да,EMPLOYEE
Вы,FREELANCER
Па,EMPLOYEE
Дом,MANAGER
Пррр,EMPLOYEE
С,MANAGER
Ф,EMPLOYEE
ж,FREELANCER
Саша,MANAGER
Маня,EMPLOYEE
Она,MANAGER
апппп,MANAGER
вак,MANAGER
рол,MANAGER
род,MANAGER
ы,MANAGER
ук,MANAGER
нога,MANAGER
кап,MANAGER
выф,MANAGER
па,MANAGER
пе,MANAGER
пор,MANAGER
Боб,EMPLOYEE
1,EMPLOYEE
дол,EMPLOYEE
ма,EMPLOYEE
в,EMPLOYEE
ввв,MANAGER
,EMPLOYEE
дом,EMPLOYEE
Иванов,EMPLOYEE
Васильев,EMPLOYEE
Смит,FREELANCER
Бонд,FREELANCER
Береговой,MANAGER
Л,EMPLOYEE
а,EMPLOYEE
